{"cameraMode":{"drawMode":0,"name":"Shaded","section":"Shading Mode"},"sceneLighting":false,"audioPlay":false,"sceneViewState":{"showFog":true,"showMaterialUpdate":false,"showSkybox":false,"showFlares":true,"showImageEffects":true,"showParticleSystems":true},"in2DMode":false,"pivot":{"x":-0.4078102111816406,"y":3.5163650512695314,"z":0.09765625},"rotation":{"x":-0.0008977091056294739,"y":-0.0012213945155963302,"z":0.00000636468394077383,"w":-1.0000078678131104},"size":11.298276901245118,"orthographic":true}