{"cameraMode":{"drawMode":0,"name":"Shaded","section":"Shading Mode"},"sceneLighting":false,"audioPlay":false,"sceneViewState":{"showFog":true,"showMaterialUpdate":false,"showSkybox":false,"showFlares":true,"showImageEffects":true,"showParticleSystems":true},"in2DMode":false,"pivot":{"x":-0.439453125,"y":-1.15771484375,"z":-9.24444580078125},"rotation":{"x":0.14205291867256165,"y":-0.6728173494338989,"z":0.13393691182136537,"w":0.7135865688323975},"size":48.598445892333987,"orthographic":true}