{"cameraMode":{"drawMode":0,"name":"Shaded","section":"Shading Mode"},"sceneLighting":false,"audioPlay":false,"sceneViewState":{"showFog":true,"showMaterialUpdate":false,"showSkybox":false,"showFlares":true,"showImageEffects":true,"showParticleSystems":true},"in2DMode":false,"pivot":{"x":-0.01513671875,"y":2.08203125,"z":0.2958984375},"rotation":{"x":-0.00028927071252837777,"y":-0.9940148591995239,"z":0.10928087681531906,"w":-0.002688603475689888},"size":6.135716915130615,"orthographic":true}