{"cameraMode":{"drawMode":0,"name":"Shaded","section":"Shading Mode"},"sceneLighting":false,"audioPlay":false,"sceneViewState":{"showFog":true,"showMaterialUpdate":false,"showSkybox":false,"showFlares":true,"showImageEffects":true,"showParticleSystems":true},"in2DMode":false,"pivot":{"x":-1.2000000476837159,"y":1.2000000476837159,"z":-0.7999999523162842},"rotation":{"x":-0.06594118475914002,"y":0.018255408853292466,"z":-0.001206503831781447,"w":-0.9976591467857361},"size":2.8380284309387209,"orthographic":true}