{"cameraMode":{"drawMode":0,"name":"Shaded","section":"Shading Mode"},"sceneLighting":false,"audioPlay":false,"sceneViewState":{"showFog":true,"showMaterialUpdate":false,"showSkybox":false,"showFlares":true,"showImageEffects":true,"showParticleSystems":true},"in2DMode":false,"pivot":{"x":-0.010596752166748047,"y":1.893206000328064,"z":0.17093932628631593},"rotation":{"x":-0.0458611436188221,"y":0.030242595821619035,"z":-0.0013835421996191145,"w":-0.9984978437423706},"size":3.329063892364502,"orthographic":true}